Workbook
Name NativeTimeline_Tanggal: #N/A
Name Slicer_Kategori: #N/A

Sheet report
A1: Sum of Total_Penjualan | B1: Column Labels
A2: Row Labels | B2: Blibli | C2: Lazada | D2: Shopee | E2: TikTok Shop | F2: Tokopedia | G2: Grand Total
A3: Chat Commerce Integration | B3: 440000000 | C3: 316000000 | D3: 420000000 | E3: 504000000 | F3: 308000000 | G3: 1988000000
A4: Custom Dashboard Analytics | B4: 472000000 | C4: 960000000 | D4: 888000000 | E4: 816000000 | F4: 792000000 | G4: 3928000000
A5: ICOMERCE Fulfillment Fee | B5: 172500000 | C5: 181500000 | D5: 125250000 | E5: 164250000 | F5: 139500000 | G5: 783000000
A6: SIRCLO Commerce Enterprise | B6: 2832000000 | C6: 1920000000 | D6: 1872000000 | E6: 2064000000 | F6: 2784000000 | G6: 11472000000
A7: SIRCLO Store Basic | B7: 249000000 | C7: 231000000 | D7: 343500000 | E7: 318000000 | F7: 357000000 | G7: 1498500000
A8: SIRCLO Store Pro | B8: 798000000 | C8: 742000000 | D8: 430500000 | E8: 651000000 | F8: 857500000 | G8: 3479000000
A9: Swift Omnichannel Basic | B9: 585000000 | C9: 632500000 | D9: 482500000 | E9: 440000000 | F9: 487500000 | G9: 2627500000
A10: Swift Omnichannel Premium | B10: 863500000 | C10: 1490500000 | D10: 1166000000 | E10: 1375000000 | F10: 1050500000 | G10: 5945500000
A11: Grand Total | B11: 6412000000 | C11: 6473500000 | D11: 5727750000 | E11: 6332250000 | F11: 6776000000 | G11: 31721500000
A14: Row Labels | B14: Count of ID_Produk | C14: Sum of Total_Penjualan
A15: Cancelled | B15: 0.155 | C15: 5243250000
A16: Delivered | B16: 0.504 | C16: 16907000000
A17: In Transit | B17: 0.163 | C17: 4656250000
A18: Returned | B18: 0.178 | C18: 4915000000
A19: Grand Total | B19: 1 | C19: 31721500000

Sheet Sales_Data
A1: ID_Transaksi | B1: Tanggal | C1: Bulan | D1: ID_Produk | E1: Nama_Produk | F1: Kategori | G1: Kode_Kanal | H1: Nama_Kanal | I1: Jumlah_Terjual | J1: Harga_Satuan | K1: Total_Penjualan | L1: Diskon_% | M1: Status_Pengiriman | N1: Kode_Aktivasi | P1: VLOOKUP | Q1: XLOOKUP | R1: HLOOKUP | S1: COUNTA | T1: COUNT | U1: COUNTIF | V1: SUMIF | W1: AVERAGEIF | X1: LEFT | Y1: RIGHT | Z1: IF BERTINGKAT
A2: TRX-2026-0001 | B2: 46186 | C2: =TEXT(B2, "MMMM") -> June | D2: PRD-002 | E2: SIRCLO Store Pro | F2: E-Commerce Tools | G2: TOK | H2: Tokopedia | I2: 12 | J2: 3500000 | K2: 42000000 | L2: 0.1 | M2: Delivered | N2: ACT-328-TOK-0001 | P2: =VLOOKUP(E2,Master_Produk!B:B,1,FALSE) -> SIRCLO Store Pro | Q2: =_xlfn.XLOOKUP(D2, Master_Produk!A:A,Master_Produk!B:B,0) -> SIRCLO Store Pro | R2: =HLOOKUP(G2,Master_Kanal!$B$1:$F$2, 1,FALSE) -> TOK | S2: =COUNTA(I2:I1001) -> 1000 | T2: =COUNT(I2:I1001) -> 1000 | U2: =COUNTIF(H2:H1001, "Blibli") -> 193 | V2: =SUMIF(F2:F1001, "Fulfillment", K2:K1001) -> 783000000 | W2: =AVERAGEIF(M2:M1001, "Cancelled",K2:K1001) -> 33827419 | X2: =LEFT(N2,3) -> ACT | Y2: =RIGHT(N2,4) -> 0001 | Z2: =IF(K2>=50000000,"Tier 1 (Bonus 10%)",IF(K2>=20000000,"Tier 2 (Bonus 5%)",IF(K2>=10000000,"Tier 3 (Bonus 2.5%)","No Bonus"))) -> Tier 2 (Bonus 5%)
A3: TRX-2026-0002 | B3: 46058 | C3: =TEXT(B3, "MMMM") -> February | D3: PRD-002 | E3: SIRCLO Store Pro | F3: E-Commerce Tools | G3: TIK | H3: TikTok Shop | I3: 2 | J3: 3500000 | K3: 7000000 | L3: 0.15 | M3: Delivered | N3: ACT-130-TIK-0002 | P3: =VLOOKUP(E3,Master_Produk!B:B,1,FALSE) -> SIRCLO Store Pro | Q3: =_xlfn.XLOOKUP(D3, Master_Produk!A:A,Master_Produk!B:B,0) -> SIRCLO Store Pro | R3: =HLOOKUP(G3,Master_Kanal!$B$1:$F$2, 1,FALSE) -> TIK | Z3: =IF(K3>=50000000,"Tier 1 (Bonus 10%)",IF(K3>=20000000,"Tier 2 (Bonus 5%)",IF(K3>=10000000,"Tier 3 (Bonus 2.5%)","No Bonus"))) -> No Bonus
A4: TRX-2026-0003 | B4: 46046 | C4: =TEXT(B4, "MMMM") -> January | D4: PRD-004 | E4: Swift Omnichannel Basic | F4: SaaS Platform | G4: SHO | H4: Shopee | I4: 9 | J4: 2500000 | K4: 22500000 | L4: 0 | M4: Cancelled | N4: ACT-303-SHO-0003 | P4: =VLOOKUP(E4,Master_Produk!B:B,1,FALSE) -> Swift Omnichannel Basic | Q4: =_xlfn.XLOOKUP(D4, Master_Produk!A:A,Master_Produk!B:B,0) -> Swift Omnichannel Basic | R4: =HLOOKUP(G4,Master_Kanal!$B$1:$F$2, 1,FALSE) -> SHO | Z4: =IF(K4>=50000000,"Tier 1 (Bonus 10%)",IF(K4>=20000000,"Tier 2 (Bonus 5%)",IF(K4>=10000000,"Tier 3 (Bonus 2.5%)","No Bonus"))) -> Tier 2 (Bonus 5%)
A5: TRX-2026-0004 | B5: 46206 | C5: =TEXT(B5, "MMMM") -> July | D5: PRD-007 | E5: Chat Commerce Integration | F5: Social Commerce | G5: SHO | H5: Shopee | I5: 8 | J5: 2000000 | K5: 16000000 | L5: 0.1 | M5: Delivered | N5: ACT-877-SHO-0004 | P5: =VLOOKUP(E5,Master_Produk!B:B,1,FALSE) -> Chat Commerce Integration | Q5: =_xlfn.XLOOKUP(D5, Master_Produk!A:A,Master_Produk!B:B,0) -> Chat Commerce Integration | R5: =HLOOKUP(G5,Master_Kanal!$B$1:$F$2, 1,FALSE) -> SHO | Z5: =IF(K5>=50000000,"Tier 1 (Bonus 10%)",IF(K5>=20000000,"Tier 2 (Bonus 5%)",IF(K5>=10000000,"Tier 3 (Bonus 2.5%)","No Bonus"))) -> Tier 3 (Bonus 2.5%)
A6: TRX-2026-0005 | B6: 46229 | C6: =TEXT(B6, "MMMM") -> July | D6: PRD-003 | E6: SIRCLO Commerce Enterprise | F6: Enterprise Solution | G6: BLI | H6: Blibli | I6: 6 | J6: 12000000 | K6: 72000000 | L6: 0.1 | M6: Delivered | N6: ACT-320-BLI-0005 | P6: =VLOOKUP(E6,Master_Produk!B:B,1,FALSE) -> SIRCLO Commerce Enterprise | Q6: =_xlfn.XLOOKUP(D6, Master_Produk!A:A,Master_Produk!B:B,0) -> SIRCLO Commerce Enterprise | R6: =HLOOKUP(G6,Master_Kanal!$B$1:$F$2, 1,FALSE) -> BLI | Z6: =IF(K6>=50000000,"Tier 1 (Bonus 10%)",IF(K6>=20000000,"Tier 2 (Bonus 5%)",IF(K6>=10000000,"Tier 3 (Bonus 2.5%)","No Bonus"))) -> Tier 1 (Bonus 10%)
A7: TRX-2026-0006 | B7: 46218 | C7: =TEXT(B7, "MMMM") -> July | D7: PRD-006 | E7: ICOMERCE Fulfillment Fee | F7: Fulfillment | G7: TOK | H7: Tokopedia | I7: 2 | J7: 750000 | K7: 1500000 | L7: 0.15 | M7: Delivered | N7: ACT-467-TOK-0006 | P7: =VLOOKUP(E7,Master_Produk!B:B,1,FALSE) -> ICOMERCE Fulfillment Fee | Q7: =_xlfn.XLOOKUP(D7, Master_Produk!A:A,Master_Produk!B:B,0) -> ICOMERCE Fulfillment Fee | R7: =HLOOKUP(G7,Master_Kanal!$B$1:$F$2, 1,FALSE) -> TOK | Z7: =IF(K7>=50000000,"Tier 1 (Bonus 10%)",IF(K7>=20000000,"Tier 2 (Bonus 5%)",IF(K7>=10000000,"Tier 3 (Bonus 2.5%)","No Bonus"))) -> No Bonus
A8: TRX-2026-0007 | B8: 46239 | C8: =TEXT(B8, "MMMM") -> August | D8: PRD-006 | E8: ICOMERCE Fulfillment Fee | F8: Fulfillment | G8: TIK | H8: TikTok Shop | I8: 5 | J8: 750000 | K8: 3750000 | L8: 0 | M8: Returned | N8: ACT-570-TIK-0007 | P8: =VLOOKUP(E8,Master_Produk!B:B,1,FALSE) -> ICOMERCE Fulfillment Fee | Q8: =_xlfn.XLOOKUP(D8, Master_Produk!A:A,Master_Produk!B:B,0) -> ICOMERCE Fulfillment Fee | R8: =HLOOKUP(G8,Master_Kanal!$B$1:$F$2, 1,FALSE) -> TIK | Z8: =IF(K8>=50000000,"Tier 1 (Bonus 10%)",IF(K8>=20000000,"Tier 2 (Bonus 5%)",IF(K8>=10000000,"Tier 3 (Bonus 2.5%)","No Bonus"))) -> No Bonus
A9: TRX-2026-0008 | B9: 46160 | C9: =TEXT(B9, "MMMM") -> May | D9: PRD-002 | E9: SIRCLO Store Pro | F9: E-Commerce Tools | G9: BLI | H9: Blibli | I9: 2 | J9: 3500000 | K9: 7000000 | L9: 0.1 | M9: Returned | N9: ACT-733-BLI-0008
A10: TRX-2026-0009 | B10: 46243 | C10: =TEXT(B10, "MMMM") -> August | D10: PRD-006 | E10: ICOMERCE Fulfillment Fee | F10: Fulfillment | G10: TIK | H10: TikTok Shop | I10: 4 | J10: 750000 | K10: 3000000 | L10: 0 | M10: Delivered | N10: ACT-777-TIK-0009
A11: TRX-2026-0010 | B11: 46081 | C11: =TEXT(B11, "MMMM") -> February | D11: PRD-005 | E11: Swift Omnichannel Premium | F11: SaaS Platform | G11: TOK | H11: Tokopedia | I11: 14 | J11: 5500000 | K11: 77000000 | L11: 0.05 | M11: Delivered | N11: ACT-489-TOK-0010
A12: TRX-2026-0011 | B12: 46094 | C12: =TEXT(B12, "MMMM") -> March | D12: PRD-008 | E12: Custom Dashboard Analytics | F12: Analytics | G12: LAZ | H12: Lazada | I12: 3 | J12: 4000000 | K12: 12000000 | L12: 0.1 | M12: Delivered | N12: ACT-314-LAZ-0011 | P12: =VLOOKUP(J2, Master_Produk!D:D, 1, FALSE) -> 3500000
A13: TRX-2026-0012 | B13: 46194 | C13: =TEXT(B13, "MMMM") -> June | D13: PRD-005 | E13: Swift Omnichannel Premium | F13: SaaS Platform | G13: TOK | H13: Tokopedia | I13: 10 | J13: 5500000 | K13: 55000000 | L13: 0.05 | M13: Cancelled | N13: ACT-846-TOK-0012
A14: TRX-2026-0013 | B14: 46085 | C14: =TEXT(B14, "MMMM") -> March | D14: PRD-003 | E14: SIRCLO Commerce Enterprise | F14: Enterprise Solution | G14: BLI | H14: Blibli | I14: 7 | J14: 12000000 | K14: 84000000 | L14: 0.1 | M14: Returned | N14: ACT-804-BLI-0013 | P14: =J2*L2 -> 350000 | Q14: sebelum diskon
A15: TRX-2026-0014 | B15: 46165 | C15: =TEXT(B15, "MMMM") -> May | D15: PRD-004 | E15: Swift Omnichannel Basic | F15: SaaS Platform | G15: LAZ | H15: Lazada | I15: 14 | J15: 2500000 | K15: 35000000 | L15: 0 | M15: Delivered | N15: ACT-941-LAZ-0014 | P15: =J2*(1-L2) -> 3150000 | Q15: setelah diskon
A16: TRX-2026-0015 | B16: 46031 | C16: =TEXT(B16, "MMMM") -> January | D16: PRD-006 | E16: ICOMERCE Fulfillment Fee | F16: Fulfillment | G16: BLI | H16: Blibli | I16: 5 | J16: 750000 | K16: 3750000 | L16: 0 | M16: Delivered | N16: ACT-680-BLI-0015 | P16: =IF(J2>100000,J2*(1-L2),J2) -> 3150000 | Q16: if diskon
A17: TRX-2026-0016 | B17: 46206 | C17: =TEXT(B17, "MMMM") -> July | D17: PRD-006 | E17: ICOMERCE Fulfillment Fee | F17: Fulfillment | G17: SHO | H17: Shopee | I17: 11 | J17: 750000 | K17: 8250000 | L17: 0.15 | M17: In Transit | N17: ACT-758-SHO-0016 | P17: =IF(J2>100000, J2*10%, 0) -> 350000
A18: TRX-2026-0017 | B18: 46140 | C18: =TEXT(B18, "MMMM") -> April | D18: PRD-003 | E18: SIRCLO Commerce Enterprise | F18: Enterprise Solution | G18: LAZ | H18: Lazada | I18: 3 | J18: 12000000 | K18: 36000000 | L18: 0.05 | M18: Returned | N18: ACT-674-LAZ-0017
A19: TRX-2026-0018 | B19: 46160 | C19: =TEXT(B19, "MMMM") -> May | D19: PRD-005 | E19: Swift Omnichannel Premium | F19: SaaS Platform | G19: TIK | H19: TikTok Shop | I19: 7 | J19: 5500000 | K19: 38500000 | L19: 0.15 | M19: Delivered | N19: ACT-324-TIK-0018
A20: TRX-2026-0019 | B20: 46058 | C20: =TEXT(B20, "MMMM") -> February | D20: PRD-008 | E20: Custom Dashboard Analytics | F20: Analytics | G20: TOK | H20: Tokopedia | I20: 13 | J20: 4000000 | K20: 52000000 | L20: 0 | M20: Delivered | N20: ACT-256-TOK-0019
A21: TRX-2026-0020 | B21: 46183 | C21: =TEXT(B21, "MMMM") -> June | D21: PRD-003 | E21: SIRCLO Commerce Enterprise | F21: Enterprise Solution | G21: BLI | H21: Blibli | I21: 10 | J21: 12000000 | K21: 120000000 | L21: 0 | M21: In Transit | N21: ACT-490-BLI-0020
A22: TRX-2026-0021 | B22: 46175 | C22: =TEXT(B22, "MMMM") -> June | D22: PRD-008 | E22: Custom Dashboard Analytics | F22: Analytics | G22: TIK | H22: TikTok Shop | I22: 5 | J22: 4000000 | K22: 20000000 | L22: 0 | M22: Returned | N22: ACT-838-TIK-0021
A23: TRX-2026-0022 | B23: 46052 | C23: =TEXT(B23, "MMMM") -> January | D23: PRD-005 | E23: Swift Omnichannel Premium | F23: SaaS Platform | G23: LAZ | H23: Lazada | I23: 2 | J23: 5500000 | K23: 11000000 | L23: 0.1 | M23: In Transit | N23: ACT-261-LAZ-0022
A24: TRX-2026-0023 | B24: 46139 | C24: =TEXT(B24, "MMMM") -> April | D24: PRD-001 | E24: SIRCLO Store Basic | F24: E-Commerce Tools | G24: LAZ | H24: Lazada | I24: 9 | J24: 1500000 | K24: 13500000 | L24: 0.05 | M24: Cancelled | N24: ACT-208-LAZ-0023
A25: TRX-2026-0024 | B25: 46183 | C25: =TEXT(B25, "MMMM") -> June | D25: PRD-005 | E25: Swift Omnichannel Premium | F25: SaaS Platform | G25: TIK | H25: TikTok Shop | I25: 10 | J25: 5500000 | K25: 55000000 | L25: 0.05 | M25: Delivered | N25: ACT-482-TIK-0024
A26: TRX-2026-0025 | B26: 46218 | C26: =TEXT(B26, "MMMM") -> July | D26: PRD-003 | E26: SIRCLO Commerce Enterprise | F26: Enterprise Solution | G26: TIK | H26: TikTok Shop | I26: 13 | J26: 12000000 | K26: 156000000 | L26: 0 | M26: Cancelled | N26: ACT-431-TIK-0025
A27: TRX-2026-0026 | B27: 46148 | C27: =TEXT(B27, "MMMM") -> May | D27: PRD-001 | E27: SIRCLO Store Basic | F27: E-Commerce Tools | G27: TOK | H27: Tokopedia | I27: 15 | J27: 1500000 | K27: 22500000 | L27: 0.1 | M27: Delivered | N27: ACT-345-TOK-0026
A28: TRX-2026-0027 | B28: 46037 | C28: =TEXT(B28, "MMMM") -> January | D28: PRD-004 | E28: Swift Omnichannel Basic | F28: SaaS Platform | G28: TIK | H28: TikTok Shop | I28: 2 | J28: 2500000 | K28: 5000000 | L28: 0 | M28: Returned | N28: ACT-597-TIK-0027
A29: TRX-2026-0028 | B29: 46231 | C29: =TEXT(B29, "MMMM") -> July | D29: PRD-002 | E29: SIRCLO Store Pro | F29: E-Commerce Tools | G29: TIK | H29: TikTok Shop | I29: 13 | J29: 3500000 | K29: 45500000 | L29: 0.05 | M29: Delivered | N29: ACT-775-TIK-0028
... A1001: TRX-2026-1000 | B1001: 46174 | C1001: =TEXT(B1001, "MMMM") -> June | D1001: PRD-008 | E1001: Custom Dashboard Analytics | F1001: Analytics | G1001: TIK | H1001: TikTok Shop | I1001: 6 | J1001: 4000000 | K1001: 24000000 | L1001: 0.1 | M1001: Delivered | N1001: ACT-937-TIK-1000

Sheet Master_Produk
A1: ID_Produk | B1: Nama_Produk | C1: Kategori | D1: Harga_Satuan
A2: PRD-001 | B2: SIRCLO Store Basic | C2: E-Commerce Tools | D2: 1500000
A3: PRD-002 | B3: SIRCLO Store Pro | C3: E-Commerce Tools | D3: 3500000
A4: PRD-003 | B4: SIRCLO Commerce Enterprise | C4: Enterprise Solution | D4: 12000000
A5: PRD-004 | B5: Swift Omnichannel Basic | C5: SaaS Platform | D5: 2500000
A6: PRD-005 | B6: Swift Omnichannel Premium | C6: SaaS Platform | D6: 5500000
A7: PRD-006 | B7: ICOMERCE Fulfillment Fee | C7: Fulfillment | D7: 750000
A8: PRD-007 | B8: Chat Commerce Integration | C8: Social Commerce | D8: 2000000
A9: PRD-008 | B9: Custom Dashboard Analytics | C9: Analytics | D9: 4000000

Sheet Master_Kanal
A1: Kode_Kanal | B1: TOK | C1: SHO | D1: LAZ | E1: BLI | F1: TIK
A2: Nama_Kanal | B2: Tokopedia | C2: Shopee | D2: Lazada | E2: Blibli | F2: TikTok Shop
